DOY,X-m,Y-m,Z-m,SDx,SDy,SDz,E-m,N-m,H-m,
001,-938078.1862,5968373.9013,2038404.3170,0.0021,0.0044,0.0017,492872.7029,2074370.7678,308.8713,1.0000
002,-938078.1814,5968373.8961,2038404.3204,0.0020,0.0044,0.0017,492872.6990,2074370.7730,308.8669,2.0000
003,-938078.1841,5968373.9044,2038404.3187,0.0020,0.0045,0.0017,492872.7003,2074370.7686,308.8745,3.0000
004,-938078.1848,5968373.9059,2038404.3241,0.0020,0.0044,0.0017,492872.7009,2074370.7732,308.8777,4.0000
005,-938078.1793,5968373.9011,2038404.3182,0.0020,0.0043,0.0017,492872.6962,2074370.7694,308.8706,5.0000
006,-938078.1855,5968373.9058,2038404.3162,0.0021,0.0047,0.0018,492872.7015,2074370.7657,308.8752,6.0000
007,-938078.1914,5968373.9113,2038404.3196,0.0020,0.0044,0.0017,492872.7065,2074370.7668,308.8824,7.0000
008,-938078.1883,5968373.8973,2038404.3126,0.0020,0.0045,0.0017,492872.7056,2074370.7649,308.8665,8.0000
009,-938078.1847,5968373.9076,2038404.3135,0.0020,0.0043,0.0017,492872.7005,2074370.7626,308.8759,9.0000
010,-938078.1843,5968373.9106,2038404.3192,0.0020,0.0045,0.0017,492872.6996,2074370.7671,308.8805,10.0000
011,-938078.1882,5968373.9013,2038404.3128,0.0022,0.0048,0.0018,492872.7049,2074370.7638,308.8703,11.0000
012,-938078.1945,5968373.9101,2038404.3155,0.0020,0.0044,0.0017,492872.7097,2074370.7632,308.8803,12.0000
013,-938078.1894,5968373.9074,2038404.3153,0.0021,0.0046,0.0018,492872.7052,2074370.7641,308.8770,13.0000
014,-938078.1897,5968373.9025,2038404.3133,0.0022,0.0046,0.0018,492872.7062,2074370.7638,308.8718,14.0000
015,-938078.1885,5968373.8971,2038404.3130,0.0021,0.0046,0.0018,492872.7059,2074370.7653,308.8665,15.0000
016,-938078.1852,5968373.8992,2038404.3152,0.0021,0.0045,0.0017,492872.7022,2074370.7669,308.8687,16.0000
017,-938078.1873,5968373.8944,2038404.3121,0.0020,0.0044,0.0017,492872.7051,2074370.7654,308.8635,17.0000
018,-938078.1927,5968373.9024,2038404.3147,0.0020,0.0044,0.0017,492872.7092,2074370.7650,308.8726,18.0000
019,-938078.1870,5968373.9071,2038404.3144,0.0021,0.0045,0.0017,492872.7028,2074370.7635,308.8761,19.0000
020,-938078.1923,5968373.9021,2038404.3108,0.0022,0.0045,0.0017,492872.7088,2074370.7614,308.8710,20.0000
021,-938078.1872,5968373.9088,2038404.3174,0.0021,0.0044,0.0017,492872.7027,2074370.7658,308.8786,21.0000
022,-938078.1895,5968373.9153,2038404.3189,0.0020,0.0043,0.0017,492872.7040,2074370.7650,308.8855,22.0000
023,-938078.1865,5968373.9023,2038404.3167,0.0020,0.0045,0.0017,492872.7030,2074370.7672,308.8722,23.0000
024,-938078.2027,5968373.9274,2038404.3228,0.0023,0.0046,0.0018,492872.7151,2074370.7643,308.9001,24.0000
025,-938078.1874,5968373.9128,2038404.3237,0.0022,0.0046,0.0018,492872.7023,2074370.7705,308.8845,25.0000
026,-938078.1837,5968373.9224,2038404.3172,0.0020,0.0045,0.0018,492872.6972,2074370.7614,308.8908,26.0000
027,-938078.1808,5968373.9134,2038404.3187,0.0020,0.0044,0.0018,492872.6957,2074370.7659,308.8824,27.0000
028,-938078.1826,5968373.9145,2038404.3197,0.0022,0.0048,0.0019,492872.6973,2074370.7664,308.8841,28.0000
029,-938078.1794,5968373.9118,2038404.3144,0.0020,0.0044,0.0017,492872.6945,2074370.7624,308.8794,29.0000
030,-938078.1733,5968373.9009,2038404.3150,0.0021,0.0045,0.0017,492872.6903,2074370.7667,308.8684,30.0000
031,-938078.1842,5968373.9117,2038404.3140,0.0020,0.0044,0.0017,492872.6993,2074370.7618,308.8798,31.0000
032,-938078.1840,5968373.9114,2038404.3122,0.0020,0.0043,0.0017,492872.6992,2074370.7602,308.8790,32.0000
033,-938078.1836,5968373.9182,2038404.3187,0.0021,0.0044,0.0018,492872.6978,2074370.7642,308.8873,33.0000
034,-938078.1825,5968373.9206,2038404.3150,0.0020,0.0045,0.0018,492872.6962,2074370.7600,308.8882,34.0000
035,-938078.1776,5968373.9098,2038404.3151,0.0023,0.0046,0.0018,492872.6931,2074370.7638,308.8774,35.0000
036,-938078.1780,5968373.9156,2038404.3162,0.0021,0.0046,0.0018,492872.6926,2074370.7629,308.8833,36.0000
037,-938078.1789,5968373.9187,2038404.3162,0.0021,0.0046,0.0018,492872.6930,2074370.7620,308.8863,37.0000
038,-938078.1861,5968373.9125,2038404.3130,0.0021,0.0045,0.0017,492872.7011,2074370.7605,308.8805,38.0000
039,-938078.1862,5968373.9200,2038404.3176,0.0022,0.0047,0.0019,492872.7000,2074370.7625,308.8890,39.0000
040,-938078.1766,5968373.9058,2038404.3141,0.0021,0.0044,0.0018,492872.6927,2074370.7642,308.8732,40.0000
041,-938078.1833,5968373.9034,2038404.3130,0.0023,0.0046,0.0018,492872.6997,2074370.7635,308.8716,41.0000
042,-938078.1809,5968373.9117,2038404.3109,0.0023,0.0049,0.0019,492872.6960,2074370.7590,308.8783,42.0000
043,-938078.1801,5968373.9146,2038404.3181,0.0021,0.0044,0.0017,492872.6948,2074370.7650,308.8833,43.0000
044,-938078.1832,5968373.9096,2038404.3134,0.0020,0.0044,0.0016,492872.6987,2074370.7620,308.8775,44.0000
045,-938078.1809,5968373.9072,2038404.3149,0.0020,0.0041,0.0016,492872.6967,2074370.7642,308.8754,45.0000
046,-938078.1785,5968373.9095,2038404.3114,0.0020,0.0043,0.0017,492872.6940,2074370.7603,308.8761,46.0000
047,-938078.1847,5968373.9086,2038404.3180,0.0022,0.0043,0.0017,492872.7003,2074370.7665,308.8782,47.0000
048,-938078.1837,5968373.9042,2038404.3135,0.0024,0.0045,0.0017,492872.7000,2074370.7637,308.8726,48.0000
049,-938078.1793,5968373.9028,2038404.3161,0.0025,0.0049,0.0018,492872.6959,2074370.7668,308.8715,49.0000
050,-938078.1647,5968373.8926,2038404.3140,0.0032,0.0056,0.0022,492872.6830,2074370.7689,308.8591,50.0000
051,-938078.1789,5968373.9130,2038404.3176,0.0026,0.0049,0.0019,492872.6939,2074370.7651,308.8814,51.0000
052,-938078.1838,5968373.9010,2038404.3126,0.0022,0.0048,0.0018,492872.7006,2074370.7639,308.8693,52.0000
053,-938078.1782,5968373.9078,2038404.3102,0.0023,0.0047,0.0018,492872.6940,2074370.7598,308.8741,53.0000
054,-938078.1910,5968373.9226,2038404.3149,0.0027,0.0049,0.0018,492872.7044,2074370.7588,308.8913,54.0000
055,-938078.1789,5968373.9190,2038404.3179,0.0028,0.0050,0.0020,492872.6930,2074370.7634,308.8872,55.0000
056,-938078.1698,5968373.9189,2038404.3194,0.0022,0.0047,0.0018,492872.6840,2074370.7654,308.8862,56.0000
057,-938078.1684,5968373.9135,2038404.3182,0.0020,0.0042,0.0016,492872.6834,2074370.7660,308.8805,57.0000
058,-938078.1687,5968373.8866,2038404.3156,0.0020,0.0044,0.0018,492872.6880,2074370.7721,308.8546,58.0000
059,-938078.1745,5968373.9076,2038404.3144,0.0020,0.0043,0.0017,492872.6903,2074370.7639,308.8747,59.0000
060,-938078.1727,5968373.9276,2038404.3232,0.0022,0.0043,0.0017,492872.6856,2074370.7661,308.8960,60.0000
061,-938078.1777,5968373.9205,2038404.3222,0.0021,0.0044,0.0018,492872.6916,2074370.7671,308.8897,61.0000
062,-938078.1761,5968373.9247,2038404.3206,0.0021,0.0044,0.0018,492872.6893,2074370.7643,308.8929,62.0000
063,-938078.1812,5968373.9216,2038404.3181,0.0021,0.0047,0.0019,492872.6948,2074370.7627,308.8899,63.0000
064,-938078.1849,5968373.9282,2038404.3178,0.0027,0.0052,0.0021,492872.6975,2074370.7601,308.8966,64.0000
065,-938078.1809,5968373.9226,2038404.3167,0.0023,0.0051,0.0019,492872.6944,2074370.7611,308.8904,65.0000
066,-938078.1818,5968373.9196,2038404.3162,0.0025,0.0049,0.0019,492872.6958,2074370.7616,308.8876,66.0000
067,-938078.1757,5968373.9186,2038404.3111,0.0020,0.0042,0.0016,492872.6898,2074370.7573,308.8841,67.0000
068,-938078.1821,5968373.9299,2038404.3164,0.0020,0.0043,0.0017,492872.6945,2074370.7584,308.8973,68.0000
069,-938078.1748,5968373.9112,2038404.3106,0.0021,0.0043,0.0017,492872.6901,2074370.7593,308.8769,69.0000
070,-938078.1768,5968373.9188,2038404.3111,0.0022,0.0043,0.0017,492872.6909,2074370.7572,308.8844,70.0000
071,-938078.1800,5968373.9150,2038404.3107,0.0023,0.0046,0.0018,492872.6947,2074370.7579,308.8812,71.0000
072,-938078.1808,5968373.9249,2038404.3160,0.0021,0.0049,0.0020,492872.6939,2074370.7596,308.8923,72.0000
073,-938078.1834,5968373.9339,2038404.3196,0.0020,0.0042,0.0017,492872.6951,2074370.7601,308.9023,73.0000
074,-938078.1754,5968373.9323,2038404.3187,0.0019,0.0042,0.0017,492872.6874,2074370.7601,308.8993,74.0000
075,-938078.1795,5968373.9270,2038404.3147,0.0021,0.0043,0.0017,492872.6923,2074370.7579,308.8937,75.0000
076,-938078.1785,5968373.9395,2038404.3172,0.0020,0.0043,0.0017,492872.6894,2074370.7563,308.9061,76.0000
077,-938078.1785,5968373.9225,2038404.3161,0.0021,0.0045,0.0018,492872.6921,2074370.7607,308.8898,77.0000
078,-938078.1752,5968373.9208,2038404.3139,0.0022,0.0052,0.0021,492872.6890,2074370.7593,308.8869,78.0000
079,-938078.1807,5968373.9275,2038404.3065,0.0020,0.0043,0.0017,492872.6934,2074370.7499,308.8917,79.0000
080,-938078.1832,5968373.9306,2038404.3136,0.0020,0.0043,0.0017,492872.6954,2074370.7555,308.8972,80.0000
081,-938078.1779,5968373.9346,2038404.3178,0.0022,0.0048,0.0019,492872.6896,2074370.7584,308.9016,81.0000
082,-938078.1798,5968373.9156,2038404.3126,0.0034,0.0064,0.0025,492872.6944,2074370.7595,308.8824,82.0000
083,-938078.1820,5968373.9044,2038404.3064,0.0024,0.0053,0.0021,492872.6983,2074370.7571,308.8702,83.0000
084,-938078.1805,5968373.9273,2038404.3125,0.0021,0.0044,0.0017,492872.6933,2074370.7556,308.8933,84.0000
085,-938078.1871,5968373.9282,2038404.3187,0.0036,0.0064,0.0026,492872.6996,2074370.7608,308.8972,85.0000
086,-938078.1611,5968373.9150,2038404.3055,0.0026,0.0052,0.0020,492872.6760,2074370.7539,308.8767,86.0000
087,-938078.1733,5968373.9128,2038404.3108,0.0034,0.0062,0.0025,492872.6884,2074370.7590,308.8782,87.0000
088,-938078.1697,5968373.9226,2038404.3095,0.0042,0.0085,0.0032,492872.6833,2074370.7549,308.8864,88.0000
089,-938078.1740,5968373.9240,2038404.3158,0.0026,0.0049,0.0019,492872.6874,2074370.7601,308.8905,89.0000
090,-938078.1708,5968373.9396,2038404.3197,0.0039,0.0065,0.0026,492872.6818,2074370.7591,308.9058,90.0000
091,-938078.1723,5968373.9272,2038404.3132,0.0040,0.0076,0.0032,492872.6852,2074370.7567,308.8923,91.0000
092,-938078.1804,5968373.9199,2038404.3100,0.0033,0.0055,0.0022,492872.6943,2074370.7556,308.8857,92.0000
093,-938078.1697,5968373.9187,2038404.3149,0.0030,0.0052,0.0022,492872.6839,2074370.7612,308.8845,93.0000
094,-938078.1731,5968373.9319,2038404.3215,0.0022,0.0046,0.0018,492872.6852,2074370.7630,308.8995,94.0000
095,-938078.1640,5968373.9255,2038404.3200,0.0030,0.0048,0.0019,492872.6772,2074370.7641,308.8917,95.0000
096,-938078.1681,5968373.9362,2038404.3213,0.0023,0.0045,0.0018,492872.6797,2074370.7618,308.9027,96.0000
097,-938078.1651,5968373.9334,2038404.3237,0.0025,0.0047,0.0019,492872.6771,2074370.7651,308.9005,97.0000
099,-938078.1594,5968373.9288,2038404.3155,0.0047,0.0077,0.0029,492872.6722,2074370.7591,308.8927,98.0000
100,-938078.1843,5968373.9305,2038404.3143,0.0036,0.0059,0.0023,492872.6965,2074370.7562,308.8975,99.0000
101,-938078.1772,5968373.9227,2038404.3100,0.0048,0.0070,0.0028,492872.6907,2074370.7549,308.8878,100.0000
102,-938078.1613,5968373.9139,2038404.3085,0.0035,0.0055,0.0023,492872.6764,2074370.7570,308.8767,101.0000
103,-938078.1879,5968373.9202,2038404.3113,0.0049,0.0065,0.0027,492872.7017,2074370.7564,308.8874,102.0000
104,-938078.1705,5968373.9360,2038404.3182,0.0042,0.0063,0.0025,492872.6821,2074370.7587,308.9019,103.0000
105,-938078.1816,5968373.9407,2038404.3145,0.0023,0.0043,0.0017,492872.6922,2074370.7532,308.9067,104.0000
106,-938078.1770,5968373.9287,2038404.3098,0.0028,0.0057,0.0022,492872.6896,2074370.7529,308.8933,105.0000
107,-938078.1721,5968373.9092,2038404.3218,0.0196,0.0179,0.0083,492872.6878,2074370.7706,308.8783,106.0000
108,-938078.1845,5968373.9381,2038404.3187,0.0046,0.0088,0.0034,492872.6955,2074370.7579,308.9061,107.0000
114,-938078.1759,5968373.9445,2038404.3211,0.0029,0.0046,0.0018,492872.6861,2074370.7586,308.9116,108.0000
115,-938078.1822,5968373.9313,2038404.3134,0.0023,0.0045,0.0017,492872.6943,2074370.7551,308.8977,109.0000
116,-938078.1670,5968373.9283,2038404.3081,0.0026,0.0055,0.0021,492872.6797,2074370.7518,308.8909,110.0000
117,-938078.1730,5968373.9293,2038404.3087,0.0024,0.0046,0.0018,492872.6855,2074370.7518,308.8930,111.0000
118,-938078.1765,5968373.9369,2038404.3141,0.0021,0.0045,0.0017,492872.6878,2074370.7543,308.9023,112.0000
119,-938078.1853,5968373.9442,2038404.3090,0.0024,0.0054,0.0021,492872.6954,2074370.7467,308.9088,113.0000
120,-938078.1758,5968373.9311,2038404.3113,0.0021,0.0049,0.0019,492872.6880,2074370.7535,308.8959,114.0000
121,-938078.1660,5968373.9344,2038404.3193,0.0021,0.0044,0.0017,492872.6778,2074370.7606,308.9001,115.0000
122,-938078.1617,5968373.9271,2038404.3179,0.0020,0.0043,0.0017,492872.6747,2074370.7618,308.8922,116.0000
123,-938078.1749,5968373.9173,2038404.3072,0.0023,0.0048,0.0019,492872.6892,2074370.7541,308.8815,117.0000
124,-938078.1814,5968373.9297,2038404.3112,0.0020,0.0047,0.0018,492872.6938,2074370.7536,308.8954,118.0000
125,-938078.1816,5968373.9279,2038404.3089,0.0020,0.0044,0.0017,492872.6943,2074370.7520,308.8929,119.0000
126,-938078.1765,5968373.9267,2038404.3088,0.0020,0.0042,0.0017,492872.6894,2074370.7526,308.8910,120.0000
127,-938078.1823,5968373.9400,2038404.3132,0.0022,0.0046,0.0018,492872.6931,2074370.7522,308.9058,121.0000
128,-938078.1790,5968373.9351,2038404.3120,0.0022,0.0046,0.0019,492872.6905,2074370.7528,308.9003,122.0000
129,-938078.1850,5968373.9241,2038404.3083,0.0022,0.0047,0.0018,492872.6982,2074370.7525,308.8898,123.0000
130,-938078.1871,5968373.9207,2038404.3096,0.0022,0.0045,0.0018,492872.7008,2074370.7546,308.8873,124.0000
131,-938078.1809,5968373.9264,2038404.3128,0.0026,0.0052,0.0021,492872.6937,2074370.7561,308.8927,125.0000
132,-938078.1780,5968373.9277,2038404.3087,0.0025,0.0056,0.0021,492872.6907,2074370.7520,308.8922,126.0000
133,-938078.1850,5968373.9346,2038404.3134,0.0023,0.0044,0.0018,492872.6966,2074370.7540,308.9011,127.0000
134,-938078.1828,5968373.9371,2038404.3155,0.0027,0.0057,0.0022,492872.6940,2074370.7553,308.9039,128.0000
135,-938078.1761,5968373.9217,2038404.3087,0.0033,0.0061,0.0027,492872.6898,2074370.7540,308.8863,129.0000
136,-938078.1814,5968373.9062,2038404.3080,0.0028,0.0060,0.0024,492872.6974,2074370.7580,308.8724,130.0000
137,-938078.1818,5968373.9347,2038404.3109,0.0020,0.0045,0.0018,492872.6934,2074370.7517,308.9000,131.0000
138,-938078.1777,5968373.9052,2038404.2969,0.0023,0.0048,0.0020,492872.6939,2074370.7480,308.8673,132.0000
139,-938078.1761,5968373.9345,2038404.3042,0.0020,0.0043,0.0017,492872.6877,2074370.7457,308.8968,133.0000
140,-938078.1725,5968373.9343,2038404.3022,0.0020,0.0044,0.0017,492872.6842,2074370.7440,308.8954,134.0000
141,-938078.1769,5968373.9252,2038404.3053,0.0022,0.0049,0.0020,492872.6900,2074370.7497,308.8886,135.0000
142,-938078.1743,5968373.9387,2038404.3084,0.0023,0.0051,0.0021,492872.6853,2074370.7484,308.9018,136.0000
143,-938078.1699,5968373.9268,2038404.3058,0.0022,0.0048,0.0019,492872.6829,2074370.7499,308.8892,137.0000
146,-938078.1676,5968373.9298,2038404.3034,0.0020,0.0045,0.0017,492872.6802,2074370.7469,308.8909,138.0000
147,-938078.1742,5968373.9278,2038404.3067,0.0020,0.0046,0.0018,492872.6869,2074370.7503,308.8910,139.0000
148,-938078.1808,5968373.9263,2038404.3056,0.0030,0.0051,0.0019,492872.6937,2074370.7494,308.8903,140.0000
149,-938078.1737,5968373.9261,2038404.3067,0.0033,0.0055,0.0022,492872.6867,2074370.7509,308.8894,141.0000
150,-938078.1732,5968373.9307,2038404.3024,0.0020,0.0045,0.0017,492872.6855,2074370.7454,308.8922,142.0000
151,-938078.1735,5968373.9403,2038404.3060,0.0020,0.0045,0.0017,492872.6843,2074370.7457,308.9025,143.0000
152,-938078.1747,5968373.9152,2038404.2980,0.0022,0.0046,0.0018,492872.6894,2074370.7461,308.8766,144.0000
155,-938078.1734,5968373.9225,2038404.3017,0.0021,0.0048,0.0018,492872.6870,2074370.7473,308.8844,145.0000
163,-938078.1794,5968373.9209,2038404.2993,0.0023,0.0047,0.0017,492872.6932,2074370.7452,308.8829,146.0000
168,-938078.1776,5968373.9266,2038404.2948,0.0026,0.0051,0.0019,492872.6905,2074370.7392,308.8867,147.0000
169,-938078.1728,5968373.9253,2038404.2976,0.0022,0.0046,0.0017,492872.6860,2074370.7426,308.8856,148.0000
173,-938078.1784,5968373.9298,2038404.3073,0.0022,0.0045,0.0017,492872.6908,2074370.7501,308.8938,149.0000
174,-938078.1903,5968373.9194,2038404.3040,0.0022,0.0045,0.0018,492872.7042,2074370.7496,308.8847,150.0000
175,-938078.1752,5968373.9123,2038404.2988,0.0026,0.0051,0.0020,492872.6904,2074370.7477,308.8742,151.0000
176,-938078.1821,5968373.9301,2038404.2994,0.0024,0.0047,0.0018,492872.6944,2074370.7422,308.8921,152.0000
177,-938078.1777,5968373.9245,2038404.2993,0.0023,0.0045,0.0017,492872.6909,2074370.7442,308.8861,153.0000
178,-938078.1717,5968373.9207,2038404.2926,0.0022,0.0045,0.0018,492872.6856,2074370.7394,308.8795,154.0000
179,-938078.1747,5968373.9226,2038404.2989,0.0021,0.0044,0.0017,492872.6883,2074370.7446,308.8838,155.0000
180,-938078.1757,5968373.9194,2038404.2954,0.0022,0.0046,0.0017,492872.6898,2074370.7422,308.8798,156.0000
181,-938078.1862,5968373.9494,2038404.3074,0.0022,0.0047,0.0018,492872.6954,2074370.7435,308.9132,157.0000
182,-938078.1729,5968373.9319,2038404.3042,0.0021,0.0045,0.0017,492872.6850,2074370.7468,308.8939,158.0000
183,-938078.1737,5968373.9169,2038404.2934,0.0021,0.0045,0.0018,492872.6882,2074370.7412,308.8765,159.0000
184,-938078.1756,5968373.9237,2038404.2993,0.0021,0.0045,0.0017,492872.6889,2074370.7446,308.8850,160.0000
185,-938078.1760,5968373.9088,2038404.2933,0.0021,0.0044,0.0017,492872.6916,2074370.7436,308.8692,161.0000
186,-938078.1754,5968373.9211,2038404.2942,0.0023,0.0045,0.0018,492872.6891,2074370.7405,308.8809,162.0000
187,-938078.1694,5968373.9389,2038404.3013,0.0023,0.0045,0.0017,492872.6804,2074370.7419,308.8990,163.0000
188,-938078.1695,5968373.9304,2038404.2998,0.0021,0.0044,0.0017,492872.6819,2074370.7432,308.8906,164.0000
189,-938078.1636,5968373.9228,2038404.2901,0.0021,0.0045,0.0017,492872.6772,2074370.7367,308.8794,165.0000
190,-938078.1693,5968373.9347,2038404.2970,0.0021,0.0046,0.0018,492872.6810,2074370.7392,308.8937,166.0000
191,-938078.1625,5968373.9179,2038404.2931,0.0021,0.0044,0.0017,492872.6769,2074370.7411,308.8758,167.0000
192,-938078.1629,5968373.9055,2038404.2982,0.0021,0.0045,0.0017,492872.6793,2074370.7499,308.8658,168.0000
193,-938078.1661,5968373.9209,2038404.2956,0.0021,0.0044,0.0017,492872.6800,2074370.7424,308.8798,169.0000
194,-938078.1653,5968373.9154,2038404.2952,0.0020,0.0045,0.0017,492872.6801,2074370.7438,308.8744,170.0000
195,-938078.1649,5968373.8935,2038404.2888,0.0022,0.0046,0.0018,492872.6831,2074370.7447,308.8519,171.0000
196,-938078.1744,5968373.9075,2038404.2927,0.0020,0.0045,0.0017,492872.6903,2074370.7435,308.8676,172.0000
197,-938078.1739,5968373.9141,2038404.2913,0.0021,0.0048,0.0018,492872.6888,2074370.7401,308.8733,173.0000
198,-938078.1737,5968373.9236,2038404.2934,0.0021,0.0045,0.0017,492872.6871,2074370.7390,308.8828,174.0000
199,-938078.1759,5968373.9136,2038404.2967,0.0020,0.0044,0.0017,492872.6908,2074370.7453,308.8749,175.0000
200,-938078.1673,5968373.9141,2038404.2961,0.0021,0.0046,0.0017,492872.6823,2074370.7450,308.8738,176.0000
201,-938078.1783,5968373.9251,2038404.3043,0.0020,0.0044,0.0017,492872.6914,2074370.7487,308.8884,177.0000
202,-938078.1797,5968373.9309,2038404.3017,0.0021,0.0046,0.0018,492872.6919,2074370.7443,308.8931,178.0000
203,-938078.1644,5968373.9108,2038404.3032,0.0020,0.0045,0.0017,492872.6799,2074370.7529,308.8726,179.0000
204,-938078.1695,5968373.9201,2038404.3029,0.0020,0.0044,0.0017,492872.6835,2074370.7494,308.8820,180.0000
205,-938078.1757,5968373.9126,2038404.3008,0.0021,0.0045,0.0018,492872.6908,2074370.7495,308.8751,181.0000
206,-938078.1794,5968373.9094,2038404.2943,0.0020,0.0046,0.0017,492872.6950,2074370.7441,308.8706,182.0000
207,-938078.1733,5968373.9161,2038404.2925,0.0021,0.0045,0.0017,492872.6879,2074370.7406,308.8754,183.0000
208,-938078.1799,5968373.9155,2038404.2946,0.0023,0.0052,0.0020,492872.6945,2074370.7424,308.8765,184.0000
209,-938078.1646,5968373.9115,2038404.2974,0.0020,0.0045,0.0017,492872.6800,2074370.7472,308.8714,185.0000
210,-938078.1759,5968373.9071,2038404.2940,0.0022,0.0048,0.0018,492872.6918,2074370.7448,308.8679,186.0000
211,-938078.1857,5968373.9214,2038404.3027,0.0022,0.0048,0.0018,492872.6993,2074370.7480,308.8855,187.0000
212,-938078.1734,5968373.9204,2038404.2951,0.0021,0.0045,0.0017,492872.6873,2074370.7417,308.8803,188.0000
213,-938078.1725,5968373.9196,2038404.2975,0.0020,0.0045,0.0018,492872.6865,2074370.7443,308.8802,189.0000
214,-938078.1806,5968373.9107,2038404.2926,0.0020,0.0044,0.0017,492872.6959,2074370.7421,308.8715,190.0000
215,-938078.1819,5968373.9227,2038404.2966,0.0020,0.0046,0.0018,492872.6953,2074370.7420,308.8842,191.0000
216,-938078.1780,5968373.9206,2038404.2991,0.0021,0.0047,0.0018,492872.6918,2074370.7452,308.8824,192.0000
217,-938078.1802,5968373.9287,2038404.2988,0.0021,0.0047,0.0018,492872.6927,2074370.7422,308.8903,193.0000
218,-938078.1804,5968373.9070,2038404.2931,0.0021,0.0045,0.0018,492872.6963,2074370.7437,308.8681,194.0000
219,-938078.1827,5968373.9180,2038404.2980,0.0021,0.0048,0.0019,492872.6969,2074370.7447,308.8803,195.0000
220,-938078.1745,5968373.9023,2038404.2878,0.0021,0.0047,0.0018,492872.6912,2074370.7405,308.8611,196.0000
221,-938078.1832,5968373.8982,2038404.2852,0.0021,0.0047,0.0018,492872.7004,2074370.7389,308.8578,197.0000
222,-938078.1844,5968373.9134,2038404.2909,0.0020,0.0043,0.0017,492872.6992,2074370.7394,308.8740,198.0000
223,-938078.1805,5968373.9159,2038404.2940,0.0020,0.0044,0.0017,492872.6950,2074370.7417,308.8768,199.0000
224,-938078.1844,5968373.9159,2038404.2924,0.0021,0.0046,0.0018,492872.6989,2074370.7401,308.8769,200.0000
225,-938078.1784,5968373.9035,2038404.2902,0.0020,0.0046,0.0018,492872.6948,2074370.7422,308.8637,201.0000
226,-938078.1754,5968373.9113,2038404.2881,0.0020,0.0044,0.0017,492872.6907,2074370.7379,308.8698,202.0000
227,-938078.1685,5968373.9069,2038404.2889,0.0020,0.0045,0.0017,492872.6845,2074370.7404,308.8649,203.0000
228,-938078.1799,5968373.9206,2038404.2884,0.0021,0.0045,0.0017,492872.6937,2074370.7350,308.8793,204.0000
229,-938078.1706,5968373.9148,2038404.2914,0.0026,0.0046,0.0019,492872.6854,2074370.7401,308.8735,205.0000
230,-938078.1809,5968373.9103,2038404.2940,0.0022,0.0047,0.0018,492872.6963,2074370.7435,308.8716,206.0000
231,-938078.1717,5968373.9077,2038404.2906,0.0021,0.0046,0.0017,492872.6875,2074370.7415,308.8667,207.0000
232,-938078.1775,5968373.9157,2038404.2901,0.0020,0.0045,0.0017,492872.6921,2074370.7382,308.8749,208.0000
233,-938078.1780,5968373.9098,2038404.2905,0.0020,0.0045,0.0017,492872.6935,2074370.7405,308.8696,209.0000
234,-938078.1695,5968373.9090,2038404.2969,0.0020,0.0047,0.0018,492872.6852,2074370.7472,308.8696,210.0000
235,-938078.1606,5968373.9027,2038404.2967,0.0021,0.0048,0.0018,492872.6775,2074370.7495,308.8624,211.0000
237,-938078.1629,5968373.9010,2038404.2941,0.0020,0.0044,0.0017,492872.6800,2074370.7475,308.8603,212.0000
238,-938078.1731,5968373.9133,2038404.2963,0.0020,0.0045,0.0018,492872.6881,2074370.7451,308.8740,213.0000
239,-938078.1750,5968373.9188,2038404.2907,0.0020,0.0046,0.0017,492872.6891,2074370.7380,308.8776,214.0000
240,-938078.1790,5968373.9256,2038404.2905,0.0020,0.0047,0.0018,492872.6920,2074370.7354,308.8845,215.0000
241,-938078.1721,5968373.9174,2038404.2918,0.0020,0.0047,0.0017,492872.6865,2074370.7396,308.8762,216.0000
242,-938078.1726,5968373.9195,2038404.2896,0.0021,0.0046,0.0018,492872.6867,2074370.7369,308.8776,217.0000
243,-938078.1795,5968373.9349,2038404.2954,0.0021,0.0047,0.0018,492872.6911,2074370.7371,308.8948,218.0000
244,-938078.1637,5968373.9277,2038404.2927,0.0020,0.0047,0.0018,492872.6766,2074370.7376,308.8849,219.0000
245,-938078.1728,5968373.9127,2038404.2893,0.0022,0.0048,0.0019,492872.6879,2074370.7387,308.8712,220.0000
246,-938078.1696,5968373.9074,2038404.2851,0.0020,0.0045,0.0018,492872.6856,2074370.7365,308.8644,221.0000
247,-938078.1710,5968373.9183,2038404.2907,0.0020,0.0045,0.0018,492872.6853,2074370.7383,308.8766,222.0000
248,-938078.1723,5968373.9165,2038404.2870,0.0019,0.0044,0.0017,492872.6868,2074370.7354,308.8738,223.0000
249,-938078.1672,5968373.9126,2038404.2842,0.0020,0.0045,0.0018,492872.6823,2074370.7342,308.8686,224.0000
250,-938078.1635,5968373.9144,2038404.2851,0.0019,0.0044,0.0017,492872.6785,2074370.7346,308.8700,225.0000
251,-938078.1677,5968373.9076,2038404.2823,0.0024,0.0053,0.0020,492872.6836,2074370.7340,308.8633,226.0000
253,-938078.1625,5968373.9132,2038404.2826,0.0020,0.0045,0.0017,492872.6777,2074370.7327,308.8680,227.0000
254,-938078.1549,5968373.9004,2038404.2863,0.0020,0.0046,0.0018,492872.6722,2074370.7407,308.8561,228.0000
255,-938078.1717,5968373.9041,2038404.2920,0.0020,0.0046,0.0018,492872.6882,2074370.7440,308.8638,229.0000
256,-938078.1771,5968373.9269,2038404.2936,0.0020,0.0046,0.0018,492872.6899,2074370.7380,308.8864,230.0000
257,-938078.1676,5968373.9043,2038404.2863,0.0020,0.0045,0.0017,492872.6841,2074370.7388,308.8615,231.0000
258,-938078.1840,5968373.9079,2038404.2930,0.0020,0.0046,0.0018,492872.6997,2074370.7432,308.8694,232.0000
259,-938078.1776,5968373.9111,2038404.2892,0.0019,0.0045,0.0017,492872.6929,2074370.7389,308.8703,233.0000
260,-938078.1733,5968373.9284,2038404.2972,0.0020,0.0045,0.0017,492872.6860,2074370.7412,308.8885,234.0000
261,-938078.1680,5968373.9067,2038404.2844,0.0019,0.0044,0.0017,492872.6841,2074370.7363,308.8632,235.0000
262,-938078.1593,5968373.9031,2038404.2814,0.0020,0.0044,0.0017,492872.6760,2074370.7349,308.8576,236.0000
263,-938078.1613,5968373.9116,2038404.2838,0.0021,0.0046,0.0018,492872.6767,2074370.7345,308.8666,237.0000
264,-938078.1676,5968373.9218,2038404.2894,0.0020,0.0047,0.0019,492872.6814,2074370.7362,308.8789,238.0000
265,-938078.1666,5968373.9215,2038404.2869,0.0020,0.0047,0.0019,492872.6804,2074370.7339,308.8777,239.0000
266,-938078.1683,5968373.9093,2038404.2857,0.0021,0.0048,0.0019,492872.6840,2074370.7366,308.8662,240.0000
267,-938078.1664,5968373.9123,2038404.2842,0.0020,0.0044,0.0017,492872.6817,2074370.7343,308.8682,241.0000
268,-938078.1677,5968373.9068,2038404.2897,0.0020,0.0045,0.0018,492872.6837,2074370.7412,308.8650,242.0000
269,-938078.1603,5968373.9003,2038404.2868,0.0021,0.0046,0.0018,492872.6775,2074370.7409,308.8569,243.0000
270,-938078.1662,5968373.9116,2038404.2884,0.0022,0.0049,0.0019,492872.6816,2074370.7386,308.8689,244.0000
271,-938078.1539,5968373.9020,2038404.2909,0.0021,0.0049,0.0019,492872.6709,2074370.7446,308.8589,245.0000
272,-938078.1530,5968373.9199,2038404.2939,0.0020,0.0045,0.0017,492872.6672,2074370.7418,308.8764,246.0000
273,-938078.1606,5968373.9187,2038404.2912,0.0023,0.0050,0.0019,492872.6749,2074370.7392,308.8755,247.0000
274,-938078.1566,5968373.9096,2038404.2828,0.0022,0.0048,0.0019,492872.6724,2074370.7343,308.8638,248.0000
275,-938078.1520,5968373.9030,2038404.2847,0.0021,0.0046,0.0018,492872.6688,2074370.7385,308.8576,249.0000
276,-938078.1603,5968373.9052,2038404.2807,0.0022,0.0047,0.0018,492872.6768,2074370.7336,308.8595,250.0000
277,-938078.1605,5968373.9101,2038404.2871,0.0022,0.0048,0.0019,492872.6762,2074370.7380,308.8662,251.0000
278,-938078.1560,5968373.9104,2038404.2884,0.0021,0.0045,0.0018,492872.6717,2074370.7394,308.8662,252.0000
279,-938078.1543,5968373.9019,2038404.2846,0.0021,0.0045,0.0017,492872.6713,2074370.7386,308.8568,253.0000
280,-938078.1636,5968373.9003,2038404.2840,0.0022,0.0047,0.0018,492872.6808,2074370.7381,308.8565,254.0000
281,-938078.1571,5968373.9052,2038404.2835,0.0024,0.0047,0.0019,492872.6736,2074370.7364,308.8600,255.0000
288,-938078.1697,5968373.9277,2038404.2927,0.0021,0.0046,0.0017,492872.6825,2074370.7373,308.8859,256.0000
